name,encoding,url,html_url,download_url,content,sha,_links/self,_links/git,_links/html,git_url,path,type,size
README.md,base64,https://api.github.com/repos/hyperledger/fabric/contents/README.md?ref=master,https://github.com/hyperledger/fabric/blob/master/README.md,https://raw.githubusercontent.com/hyperledger/fabric/master/README.md,"CioqTm90ZToqKiBUaGlzIGlzIGEgKipyZWFkLW9ubHkgbWlycm9yKiogb2Yg
dGhlIGZvcm1hbCBbR2Vycml0XShodHRwczovL2dlcnJpdC5oeXBlcmxlZGdl
ci5vcmcvci8jL2FkbWluL3Byb2plY3RzL2ZhYnJpYykgcmVwb3NpdG9yeSwK
d2hlcmUgYWN0aXZlIGRldmVsb3BtZW50IGlzIG9uZ29pbmcuIElzc3VlIHRy
YWNraW5nIGlzIGhhbmRsZWQgaW4gW0ppcmFdKGh0dHBzOi8vamlyYS5oeXBl
cmxlZGdlci5vcmcvc2VjdXJlL1JhcGlkQm9hcmQuanNwYT9wcm9qZWN0S2V5
PUZBQiZyYXBpZFZpZXc9NSZ2aWV3PXBsYW5uaW5nKQoKIyMgU3RhdHVzCgpU
aGlzIHByb2plY3QgaXMgYW4gX0FjdGl2ZV8gSHlwZXJsZWRnZXIgcHJvamVj
dC4gRm9yIG1vcmUgaW5mb3JtYXRpb24gb24gdGhlIGhpc3Rvcnkgb2YgdGhp
cyBwcm9qZWN0IHNlZSB0aGUgW0ZhYnJpYyB3aWtpIHBhZ2VdKGh0dHBzOi8v
d2lraS5oeXBlcmxlZGdlci5vcmcvcHJvamVjdHMvZmFicmljLm1kI2hpc3Rv
cnkpLiBJbmZvcm1hdGlvbiBvbiB3aGF0IF9BY3RpdmVfIGVudGFpbHMgY2Fu
IGJlIGZvdW5kIGluCnRoZSBbSHlwZXJsZWRnZXIgUHJvamVjdCBMaWZlY3lj
bGUgZG9jdW1lbnRdKGh0dHBzOi8vd2lraS5oeXBlcmxlZGdlci5vcmcvY29t
bXVuaXR5L3Byb2plY3QtbGlmZWN5Y2xlKS4KClshW0J1aWxkIFN0YXR1c10o
aHR0cHM6Ly9qZW5raW5zLmh5cGVybGVkZ2VyLm9yZy9idWlsZFN0YXR1cy9p
Y29uP2pvYj1mYWJyaWMtbWVyZ2UteDg2XzY0KV0oaHR0cHM6Ly9qZW5raW5z
Lmh5cGVybGVkZ2VyLm9yZy92aWV3L2ZhYnJpYy9qb2IvZmFicmljLW1lcmdl
LXg4Nl82NC8pClshW0dvIFJlcG9ydCBDYXJkXShodHRwczovL2dvcmVwb3J0
Y2FyZC5jb20vYmFkZ2UvZ2l0aHViLmNvbS9oeXBlcmxlZGdlci9mYWJyaWMp
XShodHRwczovL2dvcmVwb3J0Y2FyZC5jb20vcmVwb3J0L2dpdGh1Yi5jb20v
aHlwZXJsZWRnZXIvZmFicmljKQpbIVtHb0RvY10oaHR0cHM6Ly9nb2RvYy5v
cmcvZ2l0aHViLmNvbS9oeXBlcmxlZGdlci9mYWJyaWM/c3RhdHVzLnN2Zyld
KGh0dHBzOi8vZ29kb2Mub3JnL2dpdGh1Yi5jb20vaHlwZXJsZWRnZXIvZmFi
cmljKQpbIVtEb2N1bWVudGF0aW9uIFN0YXR1c10oaHR0cHM6Ly9yZWFkdGhl
ZG9jcy5vcmcvcHJvamVjdHMvaHlwZXJsZWRnZXItZmFicmljL2JhZGdlLz92
ZXJzaW9uPWxhdGVzdCldKGh0dHA6Ly9oeXBlcmxlZGdlci1mYWJyaWMucmVh
ZHRoZWRvY3MuaW8vZW4vbGF0ZXN0Lz9iYWRnZT1sYXRlc3QpCgojIyBIeXBl
cmxlZGdlciBmYWJyaWMKClRoZSBmYWJyaWMgaXMgYW4gaW1wbGVtZW50YXRp
b24gb2YgYmxvY2tjaGFpbiB0ZWNobm9sb2d5LCBsZXZlcmFnaW5nIGZhbWls
aWFyCmFuZCBwcm92ZW4gdGVjaG5vbG9naWVzLiBJdCBpcyBhIG1vZHVsYXIg
YXJjaGl0ZWN0dXJlIGFsbG93aW5nIHBsdWdnYWJsZQppbXBsZW1lbnRhdGlv
bnMgb2YgdmFyaW91cyBmdW5jdGlvbi4gSXQgZmVhdHVyZXMgcG93ZXJmdWwg
Y29udGFpbmVyIHRlY2hub2xvZ3kKdG8gaG9zdCBhbnkgbWFpbnN0cmVhbSBs
YW5ndWFnZSBmb3Igc21hcnQgY29udHJhY3RzIGRldmVsb3BtZW50LgoKIyMg
RG9jdW1lbnRhdGlvbiwgR2V0dGluZyBTdGFydGVkIGFuZCBEZXZlbG9wZXIg
R3VpZGVzCgpUaGlzIGlzIGEgKipyZWFkLW9ubHkgbWlycm9yKiogb2YgdGhl
IGZvcm1hbCBHZXJyaXQgcmVwb3NpdG9yeSwgcGxlYXNlIHZpc2l0IG91cgpb
b25saW5lIGRvY3VtZW50YXRpb25dKGh0dHA6Ly9oeXBlcmxlZGdlci1mYWJy
aWMucmVhZHRoZWRvY3MuaW8vZW4vbGF0ZXN0LykgZm9yCmluZm9ybWF0aW9u
IG9uIGdldHRpbmcgc3RhcnRlZCB1c2luZyBhbmQgZGV2ZWxvcGluZyB3aXRo
IHRoZSBmYWJyaWMsIFNESyBhbmQgY2hhaW5jb2RlLgoKIyMgQ29udHJpYnV0
aW5nCgpXZSB3ZWxjb21lIGNvbnRyaWJ1dGlvbnMgdG8gdGhlIEh5cGVybGVk
Z2VyIFByb2plY3QgaW4gbWFueSBmb3Jtcy4gVGhlcmXigJlzIGFsd2F5cyBw
bGVudHkgdG8gZG8hCkZ1bGwgZGV0YWlscyBvZiBob3cgdG8gY29udHJpYnV0
ZSB0byB0aGlzIHByb2plY3QgYXJlIGRvY3VtZW50ZWQgW2hlcmVdKGh0dHA6
Ly9oeXBlcmxlZGdlci1mYWJyaWMucmVhZHRoZWRvY3MuaW8vZW4vbGF0ZXN0
L0NPTlRSSUJVVElORy8pLgoKIyMgQ29tbXVuaXR5CgpbSHlwZXJsZWRnZXIg
Q29tbXVuaXR5XShodHRwczovL3d3dy5oeXBlcmxlZGdlci5vcmcvY29tbXVu
aXR5KQoKW0h5cGVybGVkZ2VyIG1haWxpbmcgbGlzdHMgYW5kIGFyY2hpdmVz
XShodHRwOi8vbGlzdHMuaHlwZXJsZWRnZXIub3JnLykKCltIeXBlcmxlZGdl
ciBDaGF0XShodHRwOi8vY2hhdC5oeXBlcmxlZGdlci5vcmcvY2hhbm5lbC9m
YWJyaWMpCgpbSHlwZXJsZWRnZXIgV2lraV0oaHR0cHM6Ly93aWtpLmh5cGVy
bGVkZ2VyLm9yZy8pCgpbSHlwZXJsZWRnZXIgQ29kZSBvZiBDb25kdWN0XSho
dHRwczovL3dpa2kuaHlwZXJsZWRnZXIub3JnL2NvbW11bml0eS9oeXBlcmxl
ZGdlci1wcm9qZWN0LWNvZGUtb2YtY29uZHVjdCkKCltDb21tdW5pdHkgQ2Fs
ZW5kYXJdKGh0dHBzOi8vd2lraS5oeXBlcmxlZGdlci5vcmcvY29tbXVuaXR5
L2NhbGVuZGFyLXB1YmxpYy1tZWV0aW5ncykKCiMjIExpY2Vuc2UgPGEgbmFt
ZT0ibGljZW5zZSI+PC9hPgpUaGUgSHlwZXJsZWRnZXIgUHJvamVjdCB1c2Vz
IHRoZSBbQXBhY2hlIExpY2Vuc2UgVmVyc2lvbiAyLjBdKExJQ0VOU0UpIHNv
ZnR3YXJlCmxpY2Vuc2UuCg==
",33e1568eeaf4fdaecf6151525d190e25a03aaeea,https://api.github.com/repos/hyperledger/fabric/contents/README.md?ref=master,https://api.github.com/repos/hyperledger/fabric/git/blobs/33e1568eeaf4fdaecf6151525d190e25a03aaeea,https://github.com/hyperledger/fabric/blob/master/README.md,https://api.github.com/repos/hyperledger/fabric/git/blobs/33e1568eeaf4fdaecf6151525d190e25a03aaeea,README.md,file,2716
